{"accuracy": 0.9988064106598379, "sensitivity": 0.9948631537618401, "specificity": 0.9999257023450198, "auc": 0.99739442805343}